{
  "trained_on": "MLB regular-season starters 2021-2025",
  "n_player_seasons": 517,
  "features": [
    "obp",
    "slg",
    "iso",
    "bb_rate",
    "k_rate",
    "sb_pg"
  ],
  "scaler_mean": {
    "obp": 0.33292,
    "slg": 0.436893,
    "iso": 0.177086,
    "bb_rate": 0.090042,
    "k_rate": 0.206771,
    "sb_pg": 0.080485
  },
  "scaler_std": {
    "obp": 0.036997,
    "slg": 0.076394,
    "iso": 0.061538,
    "bb_rate": 0.031414,
    "k_rate": 0.056889,
    "sb_pg": 0.082211
  },
  "prototypes": [
    [
      0.2138,
      -0.1494,
      -0.2546,
      0.1447,
      -0.3687,
      0.4382
    ],
    [
      0.3707,
      0.3877,
      0.282,
      0.137,
      -0.0953,
      0.0756
    ],
    [
      0.4946,
      0.5817,
      0.5519,
      0.3962,
      -0.0116,
      -0.2723
    ],
    [
      -0.086,
      0.3288,
      0.4424,
      -0.0536,
      0.2946,
      -0.5323
    ],
    [
      -0.1838,
      0.247,
      0.3622,
      -0.2691,
      0.4651,
      -0.2447
    ],
    [
      -0.9904,
      -0.579,
      -0.3029,
      -0.5164,
      0.1797,
      -0.2728
    ],
    [
      -0.6105,
      -0.823,
      -0.9882,
      -0.9085,
      -0.2342,
      -0.4359
    ],
    [
      -1.3227,
      -1.4017,
      -1.0883,
      -0.5639,
      0.6151,
      -0.4491
    ],
    [
      -1.2426,
      -1.2042,
      -0.9988,
      -0.7672,
      0.3628,
      0.1837
    ]
  ],
  "power_demand": [
    0.5083,
    0.8355,
    1.0,
    0.9332,
    0.8844,
    0.4789,
    0.061,
    0.0,
    0.0546
  ],
  "speed_demand": [
    1.0,
    0.6264,
    0.268,
    0.0,
    0.2963,
    0.2674,
    0.0993,
    0.0858,
    0.7378
  ],
  "pa_share": [
    0.1244,
    0.1217,
    0.119,
    0.1162,
    0.1125,
    0.1091,
    0.1051,
    0.1005,
    0.0913
  ],
  "presets": {
    "Balanced": {
      "trad": 1.0,
      "power": 0.0,
      "speed": 0.0,
      "offense": 0.3
    },
    "Aggressive": {
      "trad": 0.3,
      "power": 1.0,
      "speed": 0.0,
      "offense": 0.7
    },
    "Small-ball": {
      "trad": 0.4,
      "power": 0.0,
      "speed": 1.0,
      "offense": 0.3
    },
    "Max offense": {
      "trad": 0.0,
      "power": 0.0,
      "speed": 0.0,
      "offense": 1.0
    }
  }
}